ID,F1,F2,F3,F4,F5
A,-0.617314295,-1.089185948,-0.926272767,1.486725101,0.246795329
C,-1.255156305,0.462935257,-0.357274582,-1.099648593,-0.119232067
D,1.234290762,0.243800563,-1.474935077,-0.350261263,2.124349901
E,1.26380267,-1.467425211,-0.720865637,0.166571735,2.080870467
F,-0.972185029,-0.439859308,1.155645487,-0.550628385,-0.16966946
G,-0.524180683,1.757465694,-2.139226841,0.782136911,-0.004172108
H,0.319453159,-0.519623859,-0.42864273,-1.412188272,-0.490502313
I,-1.261786099,-0.592097155,1.012212402,0.452514848,0.025312684
K,1.826167545,-0.529557017,-0.031166691,-0.246793197,-1.569847886
L,-0.967849673,-1.122859599,0.862983058,1.419133294,-0.179234984
M,-0.711286404,-1.420001584,0.31193737,-1.05836995,-0.102421883
N,0.872034961,1.113174047,-0.847290892,-0.413045303,0.247591885
P,0.214599433,1.968371685,-0.154303301,0.392457675,0.473138468
Q,0.920314755,-0.531759772,0.003243456,-0.424091938,0.240037929
R,1.529476967,-0.019500791,0.665129786,0.248582959,-2.464258979
S,0.026690504,0.97089611,-0.843674009,0.996309574,0.110544377
T,-0.003636938,0.656895039,0.013655062,0.84024278,0.087786491
V,-1.33574995,-0.375920075,1.02693109,1.46292981,0.112953007
W,-0.619443901,0.016856888,1.519440261,-1.909143246,-0.44175808
Y,0.061758521,0.917395037,1.352474554,-0.783434541,-0.208282777