,Start,End,Sequence,State,MaxUptake,Uptake,Exposure,Predicted Uptake (3600)
0,3,19,SNNTASIAQARKLVEQL,Alone,16,4.660158999999999,10,
1,3,19,SNNTASIAQARKLVEQL,Alone,16,5.8657643329999996,100,
2,3,19,SNNTASIAQARKLVEQL,Alone,16,7.400823333,1000,
3,3,19,SNNTASIAQARKLVEQL,Alone,16,7.400823333,3600,7.699100725688889
4,3,19,SNNTASIAQARKLVEQL,Alone,16,8.433322,10000,
5,20,37,KMEANIDRIKVSKAAADL,Alone,16,1.484604,10,
6,20,37,KMEANIDRIKVSKAAADL,Alone,16,1.862899667,100,
7,20,37,KMEANIDRIKVSKAAADL,Alone,16,3.4427586669999997,1000,
8,20,37,KMEANIDRIKVSKAAADL,Alone,16,3.4427586669999997,3600,4.017994992733333
9,20,37,KMEANIDRIKVSKAAADL,Alone,16,5.433961332999999,10000,
10,29,44,KVSKAAADLMAYCEAH,Alone,16,4.1533675,10,
11,29,44,KVSKAAADLMAYCEAH,Alone,16,5.729848667000001,100,
12,29,44,KVSKAAADLMAYCEAH,Alone,16,6.593822332999999,1000,
13,29,44,KVSKAAADLMAYCEAH,Alone,16,6.593822332999999,3600,6.680706821888888
14,29,44,KVSKAAADLMAYCEAH,Alone,16,6.894576333,10000,
15,44,51,HAKEDPLL,Alone,17,0.16231700000000002,10,
16,44,51,HAKEDPLL,Alone,17,0.350663,100,
17,44,51,HAKEDPLL,Alone,17,0.45288533299999995,1000,
18,44,51,HAKEDPLL,Alone,17,0.45288533299999995,3600,0.4550372663333333
19,44,51,HAKEDPLL,Alone,17,0.460334333,10000,
20,48,64,DPLLTPVPASENPFREK,Alone,17,3.3104839999999998,10,
21,48,64,DPLLTPVPASENPFREK,Alone,17,3.9814086669999997,100,
22,48,64,DPLLTPVPASENPFREK,Alone,17,4.252039333,1000,
23,48,64,DPLLTPVPASENPFREK,Alone,17,4.252039333,3600,4.261113910777778
24,48,64,DPLLTPVPASENPFREK,Alone,17,4.283451333,10000,
25,52,68,TPVPASENPFREKKFFC,Alone,17,3.45574,10,
26,52,68,TPVPASENPFREKKFFC,Alone,17,4.1426419999999995,100,
27,52,68,TPVPASENPFREKKFFC,Alone,17,4.038115333,1000,
28,52,68,TPVPASENPFREKKFFC,Alone,17,4.038115333,3600,4.116627533
29,52,68,TPVPASENPFREKKFFC,Alone,17,4.309888333,10000,
